{"cameraMode":{"drawMode":0,"name":"Shaded","section":"Shading Mode"},"sceneLighting":true,"audioPlay":false,"sceneViewState":{"m_AlwaysRefresh":false,"showFog":true,"showSkybox":true,"showFlares":true,"showImageEffects":true,"showParticleSystems":true,"showVisualEffectGraphs":true,"m_FxEnabled":true},"in2DMode":false,"pivot":{"x":1546.6990966796875,"y":738.4212646484375,"z":1436.409912109375},"rotation":{"x":0.06656068563461304,"y":-0.8067700266838074,"z":0.09262564033269882,"w":0.5797513127326965},"size":115.06889343261719,"orthographic":false}